SNP,effect_allele.exposure,other_allele.exposure,effect_allele.outcome,other_allele.outcome,beta.exposure,beta.outcome,eaf.exposure,eaf.outcome,remove,palindromic,ambiguous,id.outcome,chr.outcome,pos.outcome,se.outcome,pval.outcome,outcome,mr_keep.outcome,pval_origin.outcome,chr.exposure,pos.exposure,se.exposure,pval.exposure,exposure,mr_keep.exposure,pval_origin.exposure,id.exposure,action,SNP_index,mr_keep,samplesize.outcome
rs10519067,A,G,A,G,-0.12014,0.0710374602347393,0.1707,0.135969,FALSE,FALSE,FALSE,Jpq70Z,15,61068347,0.234188,0.761635,outcome,TRUE,reported,15,60776148,0.014576,1.685e-16,exposure,TRUE,reported,MUGjGE,2,1,TRUE,NA
rs10797119,C,T,C,T,0.073059,0.0267054369628856,0.2861,0.533399,FALSE,FALSE,FALSE,Jpq70Z,9,92202495,0.211094,0.899328,outcome,TRUE,reported,9,89587580,0.012512,5.249e-09,exposure,TRUE,reported,MUGjGE,2,1,TRUE,NA
rs10876864,A,G,A,G,-0.099016,-0.403797051007467,0.7927,0.572029,FALSE,FALSE,FALSE,Jpq70Z,12,56401085,0.181614,0.0261908,outcome,TRUE,reported,12,56007301,0.013905,1.074e-12,exposure,TRUE,reported,MUGjGE,2,1,TRUE,NA
rs11236797,A,C,A,C,0.065906,-0.00944525282768451,0.3723,0.446872,FALSE,FALSE,FALSE,Jpq70Z,11,76299649,0.169908,0.955669,outcome,TRUE,reported,11,76588605,0.011766,2.125e-08,exposure,TRUE,reported,MUGjGE,2,1,TRUE,NA
rs12347727,G,A,G,A,0.078158,-0.102682934133738,0.2469,0.260473,FALSE,FALSE,FALSE,Jpq70Z,9,5000811,0.189089,0.587101,outcome,TRUE,reported,9,5000811,0.01314,2.713e-09,exposure,TRUE,reported,MUGjGE,2,1,TRUE,NA
rs12499753,C,T,C,T,0.071856,-0.255564273769976,0.4968,0.325271,FALSE,FALSE,FALSE,Jpq70Z,4,123333177,0.178715,0.152714,outcome,TRUE,reported,4,122412022,0.011283,1.908e-10,exposure,TRUE,reported,MUGjGE,2,1,TRUE,NA
rs13098877,T,C,T,C,-0.079007,0.0351319634943563,0.5947,0.443735,FALSE,FALSE,FALSE,Jpq70Z,3,188133163,0.176015,0.841798,outcome,TRUE,reported,3,188415375,0.011963,3.987e-11,exposure,TRUE,reported,MUGjGE,2,1,TRUE,NA
rs1577218,G,A,G,A,-0.067748,-0.0177220329876163,0.3435,0.579182,FALSE,FALSE,FALSE,Jpq70Z,10,8855244,0.179088,0.921153,outcome,TRUE,reported,10,8813281,0.011813,9.763e-09,exposure,TRUE,reported,MUGjGE,2,1,TRUE,NA
rs16917546,C,T,C,T,-0.06573,-0.0126496546953459,0.5526,0.364671,FALSE,FALSE,FALSE,Jpq70Z,10,64397538,0.167205,0.939696,outcome,TRUE,reported,10,62637778,0.011351,7.004e-09,exposure,TRUE,reported,MUGjGE,2,1,TRUE,NA
rs17027258,G,A,G,A,0.089274,-0.0938272626441532,0.3812,0.294164,FALSE,FALSE,FALSE,Jpq70Z,2,103091540,0.162916,0.564682,outcome,TRUE,reported,2,102475081,0.011486,7.693e-15,exposure,TRUE,reported,MUGjGE,2,1,TRUE,NA
rs1837253,C,T,C,T,0.12882,0.127189260811907,0.3663,0.73405,FALSE,FALSE,FALSE,Jpq70Z,5,110401872,0.166823,0.445809,outcome,TRUE,reported,5,111066174,0.011667,2.4e-28,exposure,TRUE,reported,MUGjGE,2,1,TRUE,NA
rs2023790,C,T,C,T,-0.082848,-0.30499631216037,0.2611,0.259229,FALSE,FALSE,FALSE,Jpq70Z,7,20533171,0.192294,0.112715,outcome,TRUE,reported,7,20493548,0.013177,3.23e-10,exposure,TRUE,reported,MUGjGE,2,1,TRUE,NA
rs20541,G,A,G,A,-0.075358,-0.103521826304114,0.6837,0.815635,FALSE,FALSE,FALSE,Jpq70Z,5,131995964,0.171185,0.545366,outcome,TRUE,reported,5,132660272,0.012027,3.705e-10,exposure,TRUE,reported,MUGjGE,2,1,TRUE,NA
rs2395471,A,G,A,G,-0.080394,-0.148014750599959,0.4745,0.369468,FALSE,FALSE,FALSE,Jpq70Z,6,31240692,0.168986,0.38109,outcome,TRUE,reported,6,31272915,0.01126,9.368e-13,exposure,TRUE,reported,MUGjGE,2,1,TRUE,NA
rs246579,A,G,A,G,-0.061897,-0.052497568957754,0.4864,0.187019,FALSE,FALSE,FALSE,Jpq70Z,5,71817018,0.168183,0.75492,outcome,TRUE,reported,5,72521191,0.011297,4.28e-08,exposure,TRUE,reported,MUGjGE,2,1,TRUE,NA
rs28752476,C,T,C,T,-0.097988,-0.676021367397959,0.2002,0.111632,FALSE,FALSE,FALSE,Jpq70Z,6,31352086,0.289087,0.0193629,outcome,TRUE,reported,6,31384309,0.013792,1.208e-12,exposure,TRUE,reported,MUGjGE,2,1,TRUE,NA
rs290901,A,C,A,C,0.13033,-0.159095576505778,0.3665,0.766171,FALSE,FALSE,FALSE,Jpq70Z,10,8935933,0.188018,0.397448,outcome,TRUE,reported,10,8893970,0.011842,3.586e-28,exposure,TRUE,reported,MUGjGE,2,1,TRUE,NA
rs3024577,G,A,G,A,0.10787,0.162875463636753,0.6641,0.462265,FALSE,FALSE,FALSE,Jpq70Z,16,27358203,0.176232,0.355376,outcome,TRUE,reported,16,27346882,0.012347,2.407e-18,exposure,TRUE,reported,MUGjGE,2,1,TRUE,NA
rs3181097,A,G,A,G,-0.082907,0.155156685681503,0.4759,0.043662,FALSE,FALSE,FALSE,Jpq70Z,2,204570139,0.171715,0.366224,outcome,TRUE,reported,2,203705416,0.011302,2.205e-13,exposure,TRUE,reported,MUGjGE,2,1,TRUE,NA
rs346835,T,C,T,C,-0.088411,-0.163359576055424,0.2663,0.331234,FALSE,FALSE,FALSE,Jpq70Z,2,8438693,0.189832,0.389496,outcome,TRUE,reported,2,8298563,0.012845,5.863e-12,exposure,TRUE,reported,MUGjGE,2,1,TRUE,NA
rs35305862,G,A,G,A,-0.14957,-0.463557900095673,0.1364,0.113744,FALSE,FALSE,FALSE,Jpq70Z,2,242700770,0.310285,0.135181,outcome,TRUE,reported,2,241761355,0.017676,2.629e-17,exposure,TRUE,reported,MUGjGE,2,1,TRUE,NA
rs35570272,T,G,T,G,0.066404,0.066552280724384,0.4942,0.396618,FALSE,FALSE,FALSE,Jpq70Z,3,33047662,0.175108,0.703896,outcome,TRUE,reported,3,33006170,0.011408,5.857e-09,exposure,TRUE,reported,MUGjGE,2,1,TRUE,NA
rs3804594,T,C,T,C,0.068412,-0.0675277987918733,0.5287,0.088345,FALSE,FALSE,FALSE,Jpq70Z,3,121992825,0.167957,0.68765,outcome,TRUE,reported,3,122273978,0.01142,2.094e-09,exposure,TRUE,reported,MUGjGE,2,1,TRUE,NA
rs703816,C,T,C,T,0.085692,-0.57791027575964,0.2196,0.422659,FALSE,FALSE,FALSE,Jpq70Z,12,57497005,0.232892,0.0130848,outcome,TRUE,reported,12,57103222,0.014081,1.159e-09,exposure,TRUE,reported,MUGjGE,2,1,TRUE,NA
rs7041606,C,G,C,G,0.070545,-0.142619421081574,0.3209,0.391484,FALSE,TRUE,FALSE,Jpq70Z,9,4148717,0.177696,0.422203,outcome,TRUE,reported,9,4148717,0.012257,8.651e-09,exposure,TRUE,reported,MUGjGE,2,1,TRUE,NA
rs7246313,A,G,A,G,0.087331,0.00965748373707086,0.348,0.292806,FALSE,FALSE,FALSE,Jpq70Z,19,9141124,0.181825,0.95764,outcome,TRUE,reported,19,9030448,0.012563,3.615e-12,exposure,TRUE,reported,MUGjGE,2,1,TRUE,NA
rs74252294,C,T,C,T,0.081468,-0.0232183556757755,0.2028,0.004243,FALSE,FALSE,FALSE,Jpq70Z,17,7782130,0.213642,0.913444,outcome,TRUE,reported,17,7878812,0.01428,1.165e-08,exposure,TRUE,reported,MUGjGE,2,1,TRUE,NA
rs7763883,T,C,T,C,0.079284,-0.0764053312024053,0.2163,0.14095,FALSE,FALSE,FALSE,Jpq70Z,6,135399243,0.193027,0.69225,outcome,TRUE,reported,6,135078105,0.014031,1.598e-08,exposure,TRUE,reported,MUGjGE,2,1,TRUE,NA
rs78218185,A,G,A,G,0.28285,-0.74043621860311,0.1114,0.013309,FALSE,FALSE,FALSE,Jpq70Z,6,32432500,0.459755,0.107288,outcome,TRUE,reported,6,32464723,0.017643,7.666e-58,exposure,TRUE,reported,MUGjGE,2,1,TRUE,NA
rs79509103,A,G,A,G,-0.075445,-0.0528485842969335,0.3999,0.119872,FALSE,FALSE,FALSE,Jpq70Z,14,69311341,0.165596,0.749601,outcome,TRUE,reported,14,68844624,0.012394,1.149e-09,exposure,TRUE,reported,MUGjGE,2,1,TRUE,NA
